"","Data is public domain from US government.","...2","...3","...4","...5","...6","...7","...8","...9","...10","...11","...12","...13","...14","...15","...16","...17","...18","...19","...20"
"1","Compiled by combining information from files at: http://gsociology.icaap.org/dataupload.html",NA,NA,NA,NA,NA,NA,NA,NA,NA,NA,NA,NA,NA,NA,NA,NA,NA,NA,NA
"2",NA,NA,NA,NA,NA,NA,NA,NA,NA,NA,NA,NA,NA,NA,NA,NA,NA,NA,NA,NA
"3","Country","Region","Population","Area","Pop. Density","Coastline","Net migration","Infant mortality","GDP","Literacy","Phones","Arable","Crops","Other","Climate","Birthrate","Deathrate","Agriculture","Industry","Service"
"4",NA,NA,NA,"sq. mi.","per sq. mi.","coast/area ratio",NA,"per 1000 births","$ per capita","%","per 1000","%","%","%",NA,NA,NA,NA,NA,NA
"5","Afghanistan","ASIA (EX. NEAR EAST)","31056997","647500","47.960000000000001","0","23.059999999999999","163.06999999999999","700","36","3.2200000000000002","12.130000000000001","0.22","87.650000000000006","1","46.600000000000001","20.34","0.38","0.23999999999999999","0.38"
"6","Albania","EASTERN EUROPE","3581655","28748","124.59","1.26","-4.9299999999999997","21.52","4500","86.5","71.200000000000003","21.09","4.4199999999999999","74.489999999999995","3","15.109999999999999","5.2199999999999998","0.23200000000000001","0.188","0.57899999999999996"
"7","Algeria","NORTHERN AFRICA","32930091","2381740","13.83","0.040000000000000001","-0.39000000000000001","31","6000","70","78.099999999999994","3.2200000000000002","0.25","96.530000000000001","1","17.140000000000001","4.6100000000000003","0.10100000000000001","0.59999999999999998","0.29799999999999999"
"8","American Samoa","OCEANIA","57794","199","290.42000000000002","58.289999999999999","-20.710000000000001","9.2699999999999996","8000","97","259.54000000000002","10","15","75","2","22.460000000000001","3.27",NA,NA,NA
"9","Andorra","WESTERN EUROPE","71201","468","152.13999999999999","0","6.5999999999999996","4.0499999999999998","19000","100","497.18000000000001","2.2200000000000002","0","97.780000000000001","3","8.7100000000000009","6.25",NA,NA,NA
"10","Angola","SUB-SAHARAN AFRICA","12127071","1246700","9.7300000000000004","0.13","0","191.19","1900","42","7.7800000000000002","2.4100000000000001","0.23999999999999999","97.349999999999994",NA,"45.109999999999999","24.199999999999999","0.096000000000000002","0.65800000000000003","0.246"
"11","Anguilla","LATIN AMER. & CARIB","13477","102","132.13","59.799999999999997","10.76","21.030000000000001","8600","95","460.04000000000002","0","0","100","2","14.17","5.3399999999999999","0.040000000000000001","0.17999999999999999","0.78000000000000003"
"12","Antigua & Barbuda","LATIN AMER. & CARIB","69108","443","156","34.539999999999999","-6.1500000000000004","19.460000000000001","11000","89","549.86000000000001","18.18","4.5499999999999998","77.269999999999996","2","16.93","5.3700000000000001","0.037999999999999999","0.22","0.74299999999999999"
"13","Argentina","LATIN AMER. & CARIB","39921833","2766890","14.43","0.17999999999999999","0.60999999999999999","15.18","11200","97.099999999999994","220.43000000000001","12.31","0.47999999999999998","87.209999999999994","3","16.73","7.5499999999999998","0.095000000000000001","0.35799999999999998","0.54700000000000004"
"14","Armenia","C.W. OF IND. STATES","2976372","29800","99.879999999999995","0","-6.4699999999999998","23.280000000000001","3500","98.599999999999994","195.71000000000001","17.550000000000001","2.2999999999999998","80.150000000000006","4","12.07","8.2300000000000004","0.23899999999999999","0.34300000000000003","0.41799999999999998"
"15","Aruba","LATIN AMER. & CARIB","71891","193","372.49000000000001","35.490000000000002","0","5.8899999999999997","28000","97","516.05999999999995","10.529999999999999","0","89.469999999999999","2","11.029999999999999","6.6799999999999997","0.0040000000000000001","0.33300000000000002","0.66300000000000003"
"16","Australia","OCEANIA","20264082","7686850","2.6400000000000001","0.34000000000000002","3.98","4.6900000000000004","29000","100","565.52999999999997","6.5499999999999998","0.040000000000000001","93.409999999999997","1","12.140000000000001","7.5099999999999998","0.037999999999999999","0.26200000000000001","0.69999999999999996"
"17","Austria","WESTERN EUROPE","8192880","83870","97.689999999999998","0","2","4.6600000000000001","30000","98","452.22000000000003","16.91","0.85999999999999999","82.230000000000004","3","8.7400000000000002","9.7599999999999998","0.017999999999999999","0.30399999999999999","0.67800000000000005"
"18","Azerbaijan","C.W. OF IND. STATES","7961619","86600","91.939999999999998","0","-4.9000000000000004","81.739999999999995","3400","97","137.08000000000001","19.629999999999999","2.71","77.659999999999997","1","20.739999999999998","9.75","0.14099999999999999","0.45700000000000002","0.40200000000000002"
"19","Bahamas, The","LATIN AMER. & CARIB","303770","13940","21.789999999999999","25.41","-2.2000000000000002","25.210000000000001","16700","95.599999999999994","460.55000000000001","0.80000000000000004","0.40000000000000002","98.799999999999997","2","17.57","9.0500000000000007","0.029999999999999999","0.070000000000000007","0.90000000000000002"
"20","Bahrain","NEAR EAST","698585","665","1050.5","24.210000000000001","1.05","17.27","16900","89.099999999999994","281.27999999999997","2.8199999999999998","5.6299999999999999","91.549999999999997","1","17.800000000000001","4.1399999999999997","0.0050000000000000001","0.38700000000000001","0.60799999999999998"
"21","Bangladesh","ASIA (EX. NEAR EAST)","147365352","144000","1023.37","0.40000000000000002","-0.70999999999999996","62.600000000000001","1900","43.100000000000001","7.2599999999999998","62.109999999999999","3.0699999999999998","34.82","2","29.800000000000001","8.2699999999999996","0.19900000000000001","0.19800000000000001","0.60299999999999998"
"22","Barbados","LATIN AMER. & CARIB","279912","431","649.45000000000005","22.510000000000002","-0.31","12.5","15700","97.400000000000006","481.94","37.210000000000001","2.3300000000000001","60.460000000000001","2","12.710000000000001","8.6699999999999999","0.059999999999999998","0.16","0.78000000000000003"
"23","Belarus","C.W. OF IND. STATES","10293011","207600","49.579999999999998","0","2.54","13.369999999999999","6100","99.599999999999994","319.07999999999998","29.550000000000001","0.59999999999999998","69.849999999999994","4","11.16","14.02","0.092999999999999999","0.316","0.59099999999999997"
"24","Belgium","WESTERN EUROPE","10379067","30528","339.99000000000001","0.22","1.23","4.6799999999999997","29100","98","462.56999999999999","23.280000000000001","0.40000000000000002","76.319999999999993","3","10.380000000000001","10.27","0.01","0.23999999999999999","0.749"
"25","Belize","LATIN AMER. & CARIB","287730","22966","12.529999999999999","1.6799999999999999","0","25.690000000000001","4900","94.099999999999994","115.73","2.8500000000000001","1.71","95.439999999999998","2","28.84","5.7199999999999998","0.14199999999999999","0.152","0.61199999999999999"
"26","Benin","SUB-SAHARAN AFRICA","7862944","112620","69.819999999999993","0.11","0","85","1100","40.899999999999999","9.6999999999999993","18.079999999999998","2.3999999999999999","79.519999999999996","2","38.850000000000001","12.220000000000001","0.316","0.13800000000000001","0.54600000000000004"
"27","Bermuda","NORTHERN AMERICA","65773","53","1241","194.34","2.4900000000000002","8.5299999999999994","36000","98","851.40999999999997","20","0","80","2","11.4","7.7400000000000002","0.01","0.10000000000000001","0.89000000000000001"
"28","Bhutan","ASIA (EX. NEAR EAST)","2279723","47000","48.5","0","0","100.44","1300","42.200000000000003","14.34","3.0899999999999999","0.42999999999999999","96.480000000000004","2","33.649999999999999","12.699999999999999","0.25800000000000001","0.379","0.36299999999999999"
"29","Bolivia","LATIN AMER. & CARIB","8989046","1098580","8.1799999999999997","0","-1.3200000000000001","53.109999999999999","2400","87.200000000000003","71.900000000000006","2.6699999999999999","0.19","97.140000000000001","1.5","23.300000000000001","7.5300000000000002","0.128","0.35199999999999998","0.52000000000000002"
"30","Bosnia & Herzegovina","EASTERN EUROPE","4498976","51129","87.989999999999995","0.040000000000000001","0.31","21.050000000000001","6100",NA,"215.36000000000001","13.6","2.96","83.439999999999998","4","8.7699999999999996","8.2699999999999996","0.14199999999999999","0.308","0.55000000000000004"
"31","Botswana","SUB-SAHARAN AFRICA","1639833","600370","2.73","0","0","54.579999999999998","9000","79.799999999999997","80.5","0.65000000000000002","0.01","99.340000000000003","1","23.079999999999998","29.5","0.024","0.46899999999999997","0.50700000000000001"
"32","Brazil","LATIN AMER. & CARIB","188078227","8511965","22.100000000000001","0.089999999999999997","-0.029999999999999999","29.609999999999999","7600","86.400000000000006","225.34","6.96","0.90000000000000002","92.150000000000006","2","16.559999999999999","6.1699999999999999","0.084000000000000005","0.40000000000000002","0.51600000000000001"
"33","British Virgin Is.","LATIN AMER. & CARIB","23098","153","150.97","52.289999999999999","10.01","18.050000000000001","16000","97.799999999999997","506.54000000000002","20","6.6699999999999999","73.329999999999998","2","14.890000000000001","4.4199999999999999","0.017999999999999999","0.062","0.92000000000000004"
"34","Brunei","ASIA (EX. NEAR EAST)","379444","5770","65.760000000000005","2.79","3.5899999999999999","12.609999999999999","18600","93.900000000000006","237.19","0.56999999999999995","0.76000000000000001","98.670000000000002","2","18.789999999999999","3.4500000000000002","0.035999999999999997","0.56100000000000005","0.40300000000000002"
"35","Bulgaria","EASTERN EUROPE","7385367","110910","66.590000000000003","0.32000000000000001","-4.5800000000000001","20.550000000000001","7600","98.599999999999994","336.26999999999998","40.020000000000003","1.9199999999999999","58.060000000000002","3","9.6500000000000004","14.27","0.092999999999999999","0.30399999999999999","0.60299999999999998"
"36","Burkina Faso","SUB-SAHARAN AFRICA","13902972","274200","50.700000000000003","0","0","97.569999999999993","1100","26.600000000000001","7.0099999999999998","14.43","0.19","85.379999999999995","2","45.619999999999997","15.6","0.32200000000000001","0.19600000000000001","0.48199999999999998"
"37","Burma","ASIA (EX. NEAR EAST)","47382633","678500","69.829999999999998","0.28000000000000003","-1.8","67.239999999999995","1800","85.299999999999997","10.050000000000001","15.19","0.96999999999999997","83.840000000000003","2","17.91","9.8300000000000001","0.56399999999999995","0.082000000000000003","0.35299999999999998"
"38","Burundi","SUB-SAHARAN AFRICA","8090068","27830","290.69999999999999","0","-0.059999999999999998","69.290000000000006","600","51.600000000000001","3.4199999999999999","35.049999999999997","14.02","50.93","2","42.219999999999999","13.460000000000001","0.46300000000000002","0.20300000000000001","0.33400000000000002"
"39","Cambodia","ASIA (EX. NEAR EAST)","13881427","181040","76.680000000000007","0.23999999999999999","0","71.480000000000004","1900","69.400000000000006","2.6200000000000001","20.960000000000001","0.60999999999999999","78.430000000000007","2","26.899999999999999","9.0600000000000005","0.34999999999999998","0.29999999999999999","0.34999999999999998"
"40","Cameroon","SUB-SAHARAN AFRICA","17340702","475440","36.469999999999999","0.080000000000000002","0","68.260000000000005","1800","79","5.7300000000000004","12.81","2.5800000000000001","84.609999999999999","1.5","33.890000000000001","13.470000000000001","0.44800000000000001","0.17000000000000001","0.38200000000000001"
"41","Canada","NORTHERN AMERICA","33098932","9984670","3.3100000000000001","2.02","5.96","4.75","29800","97","552.15999999999997","4.96","0.02","95.019999999999996",NA,"10.779999999999999","7.7999999999999998","0.021999999999999999","0.29399999999999998","0.68400000000000005"
"42","Cape Verde","SUB-SAHARAN AFRICA","420979","4033","104.38","23.93","-12.07","47.770000000000003","1400","76.599999999999994","169.59999999999999","9.6799999999999997","0.5","89.819999999999993","3","24.870000000000001","6.5499999999999998","0.121","0.219","0.66000000000000003"
"43","Cayman Islands","LATIN AMER. & CARIB","45436","262","173.41999999999999","61.07","18.75","8.1899999999999995","35000","98","836.34000000000003","3.8500000000000001","0","96.150000000000006","2","12.74","4.8899999999999997","0.014","0.032000000000000001","0.95399999999999996"
"44","Central African Rep.","SUB-SAHARAN AFRICA","4303356","622984","6.9100000000000001","0","0","91","1100","51","2.3199999999999998","3.1000000000000001","0.14000000000000001","96.760000000000005","2","33.909999999999997","18.649999999999999","0.55000000000000004","0.20000000000000001","0.25"
"45","Chad","SUB-SAHARAN AFRICA","9944201","1284000","7.7400000000000002","0","-0.11","93.819999999999993","1200","47.5","1.3100000000000001","2.8599999999999999","0.02","97.120000000000005","2","45.729999999999997","16.379999999999999","0.33500000000000002","0.25900000000000001","0.40600000000000003"
"46","Chile","LATIN AMER. & CARIB","16134219","756950","21.309999999999999","0.84999999999999998","0","8.8000000000000007","9900","96.200000000000003","212.96000000000001","2.6499999999999999","0.41999999999999998","96.930000000000007","3","15.23","5.8099999999999996","0.059999999999999998","0.49299999999999999","0.44700000000000001"
"47","China","ASIA (EX. NEAR EAST)","1313973713","9596960","136.91999999999999","0.14999999999999999","-0.40000000000000002","24.18","5000","90.900000000000006","266.69999999999999","15.4","1.25","83.349999999999994","1.5","13.25","6.9699999999999998","0.125","0.47299999999999998","0.40300000000000002"
"48","Colombia","LATIN AMER. & CARIB","43593035","1138910","38.280000000000001","0.28000000000000003","-0.31","20.969999999999999","6300","92.5","176.15000000000001","2.4199999999999999","1.6699999999999999","95.909999999999997","2","20.48","5.5800000000000001","0.125","0.34200000000000003","0.53300000000000003"
"49","Comoros","SUB-SAHARAN AFRICA","690948","2170","318.41000000000003","15.67","0","74.930000000000007","700","56.5","24.460000000000001","35.869999999999997","23.32","40.810000000000002","2","36.93","8.1999999999999993","0.40000000000000002","0.040000000000000001","0.56000000000000005"
"50","Congo, Dem. Rep.","SUB-SAHARAN AFRICA","62660551","2345410","26.719999999999999","0","0","94.689999999999998","700","65.5","0.17000000000000001","2.96","0.52000000000000002","96.519999999999996","2","43.689999999999998","13.27","0.55000000000000004","0.11","0.34000000000000002"
"51","Congo, Repub. of the","SUB-SAHARAN AFRICA","3702314","342000","10.83","0.050000000000000003","-0.17000000000000001","93.859999999999999","700","83.799999999999997","3.73","0.51000000000000001","0.13","99.359999999999999","2","42.57","12.93","0.062","0.56999999999999995","0.36899999999999999"
"52","Cook Islands","OCEANIA","21388","240","89.120000000000005","50",NA,NA,"5000","95","289.88","17.390000000000001","13.039999999999999","69.569999999999993","2","21",NA,"0.151","0.096000000000000002","0.753"
"53","Costa Rica","LATIN AMER. & CARIB","4075261","51100","79.75","2.52","0.51000000000000001","9.9499999999999993","9100","96","340.70999999999998","4.4100000000000001","5.8799999999999999","89.709999999999994","2","18.32","4.3600000000000003","0.087999999999999995","0.29899999999999999","0.61399999999999999"
"54","Cote d'Ivoire","SUB-SAHARAN AFRICA","17654843","322460","54.75","0.16","-0.070000000000000007","90.829999999999998","1400","50.899999999999999","14.609999999999999","9.75","13.84","76.409999999999997","2","35.109999999999999","14.84","0.27900000000000003","0.17100000000000001","0.55000000000000004"
"55","Croatia","EASTERN EUROPE","4494749","56542","79.489999999999995","10.32","1.5800000000000001","6.8399999999999999","10600","98.5","420.38","26.09","2.27","71.650000000000006",NA,"9.6099999999999994","11.48","0.070000000000000007","0.308","0.622"
"56","Cuba","LATIN AMER. & CARIB","11382820","110860","102.68000000000001","3.3700000000000001","-1.5800000000000001","6.3300000000000001","2900","97","74.670000000000002","33.049999999999997","7.5999999999999996","59.350000000000001","2","11.890000000000001","7.2199999999999998","0.055","0.26100000000000001","0.68400000000000005"
"57","Cyprus","NEAR EAST","784301","9250","84.790000000000006","7.0099999999999998","0.42999999999999999","7.1799999999999997","19200","97.599999999999994",NA,"7.79","4.4400000000000004","87.769999999999996","3","12.56","7.6799999999999997","0.036999999999999998","0.19800000000000001","0.76500000000000001"
"58","Czech Republic","EASTERN EUROPE","10235455","78866","129.78","0","0.96999999999999997","3.9300000000000002","15700","99.900000000000006","314.32999999999998","39.799999999999997","3.0499999999999998","57.149999999999999","3","9.0199999999999996","10.59","0.034000000000000002","0.39300000000000002","0.57299999999999995"
"59","Denmark","WESTERN EUROPE","5450661","43094","126.48","16.969999999999999","2.48","4.5599999999999996","31100","100","614.60000000000002","54.020000000000003","0.19","45.789999999999999","3","11.130000000000001","10.359999999999999","0.017999999999999999","0.246","0.73499999999999999"
"60","Djibouti","SUB-SAHARAN AFRICA","486530","23000","21.149999999999999","1.3700000000000001","0","104.13","1300","67.900000000000006","22.809999999999999","0.040000000000000001","0","99.959999999999994","1","39.530000000000001","19.309999999999999","0.17899999999999999","0.22500000000000001","0.59599999999999997"
"61","Dominica","LATIN AMER. & CARIB","68910","754","91.390000000000001","19.629999999999999","-13.869999999999999","14.15","5400","94","304.75","6.6699999999999999","20","73.329999999999998","2","15.27","6.7300000000000004","0.17699999999999999","0.32800000000000001","0.495"
"62","Dominican Republic","LATIN AMER. & CARIB","9183984","48730","188.47","2.6400000000000001","-3.2200000000000002","32.380000000000003","6000","84.700000000000003","97.400000000000006","22.649999999999999","10.33","67.019999999999996","2","23.219999999999999","5.7300000000000004","0.112","0.30599999999999999","0.58199999999999996"
"63","East Timor","ASIA (EX. NEAR EAST)","1062777","15007","70.819999999999993","4.7000000000000002","0","47.409999999999997","500","58.600000000000001",NA,"4.71","0.67000000000000004","94.620000000000005","2","26.989999999999998","6.2400000000000002","0.085000000000000006","0.23100000000000001","0.68400000000000005"
"64","Ecuador","LATIN AMER. & CARIB","13547510","283560","47.780000000000001","0.79000000000000004","-8.5800000000000001","23.66","3300","92.5","125.59999999999999","5.8499999999999996","4.9299999999999997","89.219999999999999","2","22.289999999999999","4.2300000000000004","0.070000000000000007","0.312","0.61799999999999999"
"65","Egypt","NORTHERN AFRICA","78887007","1001450","78.769999999999996","0.23999999999999999","-0.22","32.590000000000003","4000","57.700000000000003","131.78","2.8700000000000001","0.47999999999999998","96.650000000000006","1","22.940000000000001","5.2300000000000004","0.14899999999999999","0.35699999999999998","0.49299999999999999"
"66","El Salvador","LATIN AMER. & CARIB","6822378","21040","324.25999999999999","1.46","-3.7400000000000002","25.100000000000001","4800","80.200000000000003","142.40000000000001","31.850000000000001","12.07","56.079999999999998","2","26.609999999999999","5.7800000000000002","0.099000000000000005","0.30199999999999999","0.59899999999999998"
"67","Equatorial Guinea","SUB-SAHARAN AFRICA","540109","28051","19.25","1.0600000000000001","0","85.129999999999995","2700","85.700000000000003","18.510000000000002","4.6299999999999999","3.5699999999999998","91.799999999999997","2","35.590000000000003","15.06","0.029999999999999999","0.90600000000000003","0.062"
"68","Eritrea","SUB-SAHARAN AFRICA","4786994","121320","39.460000000000001","1.8400000000000001","0","74.870000000000005","700","58.600000000000001","7.8799999999999999","4.9500000000000002","0.029999999999999999","95.019999999999996","1.5","34.329999999999998","9.5999999999999996","0.10199999999999999","0.254","0.64300000000000002"
"69","Estonia","BALTICS","1324333","45226","29.280000000000001","8.3900000000000006","-3.1600000000000001","7.8700000000000001","12300","99.799999999999997","333.75","16.039999999999999","0.45000000000000001","83.510000000000005","3","10.039999999999999","13.25","0.040000000000000001","0.29399999999999998","0.66600000000000004"
"70","Ethiopia","SUB-SAHARAN AFRICA","74777981","1127127","66.340000000000003","0","0","95.319999999999993","700","42.700000000000003","8.1600000000000001","10.710000000000001","0.75","88.540000000000006","2","37.979999999999997","14.859999999999999","0.47499999999999998","0.099000000000000005","0.42599999999999999"
"71","Faroe Islands","WESTERN EUROPE","47246","1399","33.770000000000003","79.840000000000003","1.4099999999999999","6.2400000000000002","22000",NA,"503.75","2.1400000000000001","0","97.859999999999999",NA,"14.050000000000001","8.6999999999999993","0.27000000000000002","0.11","0.62"
"72","Fiji","OCEANIA","905949","18270","49.590000000000003","6.1799999999999997","-3.1400000000000001","12.619999999999999","5800","93.700000000000003","112.59","10.949999999999999","4.6500000000000004","84.400000000000006","2","22.550000000000001","5.6500000000000004","0.088999999999999996","0.13500000000000001","0.77600000000000002"
"73","Finland","WESTERN EUROPE","5231372","338145","15.470000000000001","0.37","0.94999999999999996","3.5699999999999998","27400","100","405.25","7.1900000000000004","0.029999999999999999","92.780000000000001","3","10.449999999999999","9.8599999999999994","0.028000000000000001","0.29499999999999998","0.67600000000000005"
"74","France","WESTERN EUROPE","60876136","547030","111.28","0.63","0.66000000000000003","4.2599999999999998","27600","99","586.44000000000005","33.530000000000001","2.0699999999999998","64.400000000000006","4","11.99","9.1400000000000006","0.021999999999999999","0.214","0.76400000000000001"
"75","French Guiana","LATIN AMER. & CARIB","199509","91000","2.1899999999999999","0.41999999999999998","6.2699999999999996","12.07","8300","83","255.63","0.14000000000000001","0.050000000000000003","99.810000000000002","2","20.460000000000001","4.8799999999999999","0.066000000000000003","0.156","0.77800000000000002"
"76","French Polynesia","OCEANIA","274578","4167","65.890000000000001","60.600000000000001","2.9399999999999999","8.4399999999999995","17500","98","194.47999999999999","0.81999999999999995","5.46","93.719999999999999","2","16.68","4.6900000000000004","0.031","0.19","0.76900000000000002"
"77","Gabon","SUB-SAHARAN AFRICA","1424906","267667","5.3200000000000003","0.33000000000000002","0","53.640000000000001","5500","63.200000000000003","27.440000000000001","1.26","0.66000000000000003","98.079999999999998","2","36.159999999999997","12.25","0.060999999999999999","0.59199999999999997","0.34799999999999998"
"78","Gambia, The","SUB-SAHARAN AFRICA","1641564","11300","145.27000000000001","0.70999999999999996","1.5700000000000001","72.019999999999996","1700","40.100000000000001","26.800000000000001","25","0.5","74.5","2","39.369999999999997","12.25","0.308","0.14199999999999999","0.54900000000000004"
"79","Gaza Strip","NEAR EAST","1428757","360","3968.77","11.109999999999999","1.6000000000000001","22.93","600",NA,"244.27000000000001","28.949999999999999","21.050000000000001","50","3","39.450000000000003","3.7999999999999998","0.029999999999999999","0.28299999999999997","0.68700000000000006"
"80","Georgia","C.W. OF IND. STATES","4661473","69700","66.879999999999995","0.44","-4.7000000000000002","18.59","2500","99","146.56","11.44","3.8599999999999999","84.700000000000003","3","10.41","9.2300000000000004","0.17199999999999999","0.27500000000000002","0.55300000000000005"
"81","Germany","WESTERN EUROPE","82422299","357021","230.86000000000001","0.67000000000000004","2.1800000000000002","4.1600000000000001","27600","99","667.85000000000002","33.850000000000001","0.58999999999999997","65.560000000000002","3","8.25","10.619999999999999","0.0089999999999999993","0.29599999999999999","0.69499999999999995"
"82","Ghana","SUB-SAHARAN AFRICA","22409572","239460","93.579999999999998","0.23000000000000001","-0.64000000000000001","51.43","2200","74.799999999999997","14.35","16.260000000000002","9.6699999999999999","74.069999999999993","2","30.52","9.7200000000000006","0.36599999999999999","0.246","0.38700000000000001"
"83","Gibraltar","WESTERN EUROPE","27928","7","3989.71","171.43000000000001","0","5.1299999999999999","17500",NA,"877.69000000000005","0","0","100",NA,"10.74","9.3100000000000005",NA,NA,NA
"84","Greece","WESTERN EUROPE","10688058","131940","81.010000000000005","10.369999999999999","2.3500000000000001","5.5300000000000002","20000","97.5","589.72000000000003","21.100000000000001","8.7799999999999994","70.120000000000005","3","9.6799999999999997","10.24","0.053999999999999999","0.21299999999999999","0.73299999999999998"
"85","Greenland","NORTHERN AMERICA","56361","2166086","0.029999999999999999","2.04","-8.3699999999999992","15.82","20000",NA,"448.88999999999999","0","0","100","1","15.93","7.8399999999999999",NA,NA,NA
"86","Grenada","LATIN AMER. & CARIB","89703","344","260.75999999999999","35.170000000000002","-13.92","14.619999999999999","5000","98","364.54000000000002","5.8799999999999999","29.41","64.709999999999994","2","22.079999999999998","6.8799999999999999","0.053999999999999999","0.17999999999999999","0.76600000000000001"
"87","Guadeloupe","LATIN AMER. & CARIB","452776","1780","254.37","17.190000000000001","-0.14999999999999999","8.5999999999999996","8000","90","463.81","11.24","3.5499999999999998","85.209999999999994","2","15.050000000000001","6.0899999999999999","0.14999999999999999","0.17000000000000001","0.68000000000000005"
"88","Guam","OCEANIA","171019","541","316.12","23.199999999999999","0","6.9400000000000004","21000","99","491.95999999999998","9.0899999999999999","16.359999999999999","74.549999999999997","2","18.789999999999999","4.4800000000000004",NA,NA,NA
"89","Guatemala","LATIN AMER. & CARIB","12293545","108890","112.90000000000001","0.37","-1.6699999999999999","35.93","4100","70.599999999999994","92.090000000000003","12.539999999999999","5.0300000000000002","82.430000000000007","2","29.879999999999999","5.2000000000000002","0.22700000000000001","0.188","0.58499999999999996"
"90","Guernsey","WESTERN EUROPE","65409","78","838.58000000000004","64.099999999999994","3.8399999999999999","4.71","20000",NA,"842.38999999999999",NA,NA,NA,"3","8.8100000000000005","10.01","0.029999999999999999","0.10000000000000001","0.87"
"91","Guinea","SUB-SAHARAN AFRICA","9690222","245857","39.409999999999997","0.13","-3.0600000000000001","90.370000000000005","2100","35.899999999999999","2.7000000000000002","3.6299999999999999","2.5800000000000001","93.790000000000006","2","41.759999999999998","15.48","0.23699999999999999","0.36199999999999999","0.40100000000000002"
"92","Guinea-Bissau","SUB-SAHARAN AFRICA","1442029","36120","39.920000000000002","0.96999999999999997","-1.5700000000000001","107.17","800","42.399999999999999","7.3499999999999996","10.67","8.8200000000000003","80.510000000000005","2","37.219999999999999","16.530000000000001","0.62","0.12","0.26000000000000001"
"93","Guyana","LATIN AMER. & CARIB","767245","214970","3.5699999999999998","0.20999999999999999","-2.0699999999999998","33.259999999999998","4000","98.799999999999997","143.5","2.4399999999999999","0.14999999999999999","97.409999999999997","2","18.280000000000001","8.2799999999999994","0.37","0.20300000000000001","0.42699999999999999"
"94","Haiti","LATIN AMER. & CARIB","8308504","27750","299.41000000000003","6.3799999999999999","-3.3999999999999999","73.450000000000003","1600","52.899999999999999","16.850000000000001","28.300000000000001","11.609999999999999","60.090000000000003","2","36.439999999999998","12.17","0.28000000000000003","0.20000000000000001","0.52000000000000002"
"95","Honduras","LATIN AMER. & CARIB","7326496","112090","65.359999999999999","0.72999999999999998","-1.99","29.32","2600","76.200000000000003","67.480000000000004","9.5500000000000007","3.2200000000000002","87.230000000000004","2","28.239999999999998","5.2800000000000002","0.13900000000000001","0.312","0.54900000000000004"
"96","Hong Kong","ASIA (EX. NEAR EAST)","6940432","1092","6355.71","67.120000000000005","5.2400000000000002","2.9700000000000002","28800","93.5","546.74000000000001","5.0499999999999998","1.01","93.939999999999998","2","7.29","6.29","0.001","0.091999999999999998","0.90600000000000003"
"97","Hungary","EASTERN EUROPE","9981334","93030","107.29000000000001","0","0.85999999999999999","8.5700000000000003","13900","99.400000000000006","336.23000000000002","50.090000000000003","2.0600000000000001","47.850000000000001","3","9.7200000000000006","13.109999999999999","0.036999999999999998","0.312","0.65100000000000002"
"98","Iceland","WESTERN EUROPE","299388","103000","2.9100000000000001","4.8300000000000001","2.3799999999999999","3.3100000000000001","30900","99.900000000000006","647.64999999999998","0.070000000000000007","0","99.930000000000007","3","13.640000000000001","6.7199999999999998","0.085999999999999993","0.14999999999999999","0.76500000000000001"
"99","India","ASIA (EX. NEAR EAST)","1095351995","3287590","333.18000000000001","0.20999999999999999","-0.070000000000000007","56.289999999999999","2900","59.5","45.420000000000002","54.399999999999999","2.7400000000000002","42.859999999999999","2.5","22.010000000000002","8.1799999999999997","0.186","0.27600000000000002","0.53800000000000003"
"100","Indonesia","ASIA (EX. NEAR EAST)","245452739","1919440","127.88","2.8500000000000001","0","35.600000000000001","3200","87.900000000000006","52.030000000000001","11.32","7.2300000000000004","81.450000000000003","2","20.34","6.25","0.13400000000000001","0.45800000000000002","0.40799999999999997"
"101","Iran","ASIA (EX. NEAR EAST)","68688433","1648000","41.68","0.14999999999999999","-0.83999999999999997","41.579999999999998","7000","79.400000000000006","276.41000000000003","8.7200000000000006","1.3899999999999999","89.890000000000001","1","17","5.5499999999999998","0.11600000000000001","0.42399999999999999","0.46000000000000002"
"102","Iraq","NEAR EAST","26783383","437072","61.280000000000001","0.01","0","50.25","1500","40.399999999999999","38.609999999999999","13.15","0.78000000000000003","86.069999999999993","1","31.98","5.3700000000000001","0.072999999999999995","0.66600000000000004","0.26100000000000001"
"103","Ireland","WESTERN EUROPE","4062235","70280","57.799999999999997","2.0600000000000001","4.9900000000000002","5.3899999999999997","29600","98","500.45999999999998","15.199999999999999","0.029999999999999999","84.769999999999996","3","14.449999999999999","7.8200000000000003","0.050000000000000003","0.46000000000000002","0.48999999999999999"
"104","Isle of Man","WESTERN EUROPE","75441","572","131.88999999999999","27.969999999999999","5.3600000000000003","5.9299999999999997","21000",NA,"676.01999999999998","9","0","91","3","11.050000000000001","11.19","0.01","0.13","0.85999999999999999"
"105","Israel","NEAR EAST","6352117","20770","305.82999999999998","1.3100000000000001","0.68000000000000005","7.0300000000000002","19800","95.400000000000006","462.25999999999999","16.390000000000001","4.1699999999999999","79.439999999999998","3","17.969999999999999","6.1799999999999997","0.025999999999999999","0.317","0.65700000000000003"
"106","Italy","WESTERN EUROPE","58133509","301230","192.99000000000001","2.52","2.0699999999999998","5.9400000000000004","26700","98.599999999999994","430.88999999999999","27.789999999999999","9.5299999999999994","62.68",NA,"8.7200000000000006","10.4","0.021000000000000001","0.29099999999999998","0.68799999999999994"
"107","Jamaica","LATIN AMER. & CARIB","2758124","10991","250.94","9.3000000000000007","-4.9199999999999999","12.359999999999999","3900","87.900000000000006","124","16.07","10.16","73.769999999999996","2","20.82","6.5199999999999996","0.049000000000000002","0.33700000000000002","0.61499999999999999"
"108","Japan","ASIA (EX. NEAR EAST)","127463611","377835","337.35000000000002","7.8700000000000001","0","3.2599999999999998","28200","99","461.14999999999998","12.19","0.95999999999999996","86.849999999999994","3","9.3699999999999992","9.1600000000000001","0.017000000000000001","0.25800000000000001","0.72499999999999998"
"109","Jersey","WESTERN EUROPE","91084","116","785.21000000000004","60.340000000000003","2.7599999999999998","5.2400000000000002","24800",NA,"811.34000000000003","0","0","100","3","9.3000000000000007","9.2799999999999994","0.050000000000000003","0.02","0.93000000000000005"
"110","Jordan","NEAR EAST","5906760","92300","64","0.029999999999999999","6.5899999999999999","17.350000000000001","4300","91.299999999999997","104.51000000000001","2.6699999999999999","1.8300000000000001","95.5","1","21.25","2.6499999999999999","0.033000000000000002","0.28699999999999998","0.68000000000000005"
"111","Kazakhstan","C.W. OF IND. STATES","15233244","2717300","5.6100000000000003","0","-3.3500000000000001","29.210000000000001","6300","98.400000000000006","164.11000000000001","7.9800000000000004","0.050000000000000003","91.969999999999999","4","16","9.4199999999999999","0.067000000000000004","0.38600000000000001","0.54700000000000004"
"112","Kenya","SUB-SAHARAN AFRICA","34707817","582650","59.57","0.089999999999999997","-0.10000000000000001","61.469999999999999","1000","85.099999999999994","8.1199999999999992","8.0800000000000001","0.97999999999999998","90.939999999999998","1.5","39.719999999999999","14.02","0.16300000000000001","0.188","0.65100000000000002"
"113","Kiribati","OCEANIA","105432","811","130","140.94","0","48.520000000000003","800",NA,"42.68","2.7400000000000002","50.68","46.579999999999998","2","30.649999999999999","8.2599999999999998","0.088999999999999996","0.24199999999999999","0.66800000000000004"
"114","Korea, North","ASIA (EX. NEAR EAST)","23113019","120540","191.75","2.0699999999999998","0","24.039999999999999","1300","99","42.399999999999999","20.760000000000002","2.4900000000000002","76.75","3","15.539999999999999","7.1299999999999999","0.29999999999999999","0.34000000000000002","0.35999999999999999"
"115","Korea, South","ASIA (EX. NEAR EAST)","48846823","98480","496.00999999999999","2.4500000000000002","0","7.0499999999999998","17800","97.900000000000006","486.11000000000001","17.18","1.95","80.870000000000005","3","10","5.8499999999999996","0.033000000000000002","0.40300000000000002","0.56299999999999994"
"116","Kuwait","NEAR EAST","2418393","17820","135.71000000000001","2.7999999999999998","14.18","9.9499999999999993","19000","83.5","211.00999999999999","0.72999999999999998","0.11","99.159999999999997","1","21.940000000000001","2.4100000000000001","0.0040000000000000001","0.47899999999999998","0.51600000000000001"
"117","Kyrgyzstan","C.W. OF IND. STATES","5213898","198500","26.27","0","-2.4500000000000002","35.640000000000001","1600","97","84.040000000000006","7.2999999999999998","0.34999999999999998","92.349999999999994","2.5","22.800000000000001","7.0800000000000001","0.35299999999999998","0.20799999999999999","0.439"
"118","Laos","ASIA (EX. NEAR EAST)","6368481","236800","26.890000000000001","0","0","85.219999999999999","1700","66.400000000000006","14.140000000000001","3.7999999999999998","0.34999999999999998","95.849999999999994","2","35.490000000000002","11.550000000000001","0.45500000000000002","0.28699999999999998","0.25800000000000001"
"119","Latvia","BALTICS","2274735","64589","35.219999999999999","0.81999999999999995","-2.23","9.5500000000000007","10200","99.799999999999997","321.36000000000001","29.670000000000002","0.46999999999999997","69.859999999999999","3","9.2400000000000002","13.66","0.040000000000000001","0.26100000000000001","0.69899999999999995"
"120","Lebanon","NEAR EAST","3874050","10400","372.5","2.1600000000000001","0","24.52","4800","87.400000000000006","255.55000000000001","16.620000000000001","13.98","69.400000000000006",NA,"18.52","6.21","0.12","0.20999999999999999","0.67000000000000004"
"121","Lesotho","SUB-SAHARAN AFRICA","2022331","30355","66.620000000000005","0","-0.73999999999999999","84.230000000000004","3000","84.799999999999997","23.73","10.869999999999999","0.13","89","3","24.75","28.710000000000001","0.16300000000000001","0.443","0.39400000000000002"
"122","Liberia","SUB-SAHARAN AFRICA","3042004","111370","27.309999999999999","0.52000000000000002","0","128.87","1000","57.5","2.27","3.9500000000000002","2.2799999999999998","93.769999999999996","2","44.770000000000003","23.100000000000001","0.76900000000000002","0.053999999999999999","0.17699999999999999"
"123","Libya","NORTHERN AFRICA","5900754","1759540","3.3500000000000001","0.10000000000000001","0","24.600000000000001","6400","82.599999999999994","127.09999999999999","1.03","0.19","98.780000000000001",NA,"26.489999999999998","3.48","0.075999999999999998","0.499","0.42499999999999999"
"124","Liechtenstein","WESTERN EUROPE","33987","160","212.41999999999999","0","4.8499999999999996","4.7000000000000002","25000","100","585.51999999999998","25","0","75","4","10.210000000000001","7.1799999999999997","0.059999999999999998","0.39000000000000001","0.55000000000000004"
"125","Lithuania","BALTICS","3585906","65200","55","0.14000000000000001","-0.70999999999999996","6.8899999999999997","11400","99.599999999999994","223.40000000000001","45.219999999999999","0.91000000000000003","53.869999999999997",NA,"8.75","10.98","0.055","0.32500000000000001","0.62"
"126","Luxembourg","WESTERN EUROPE","474413","2586","183.44999999999999","0","8.9700000000000006","4.8099999999999996","55100","100","515.37","23.280000000000001","0.40000000000000002","76.319999999999993",NA,"11.94","8.4100000000000001","0.01","0.13","0.85999999999999999"
"127","Macau","ASIA (EX. NEAR EAST)","453125","28","16183.040000000001","146.43000000000001","4.8600000000000003","4.3899999999999997","19400","94.5","384.88","0","0","100","2","8.4800000000000004","4.4699999999999998","0.001","0.071999999999999995","0.92700000000000005"
"128","Macedonia","EASTERN EUROPE","2050554","25333","80.939999999999998","0","-1.45","10.09","6700",NA,"260.02999999999997","22.260000000000002","1.8100000000000001","75.930000000000007","3","12.02","8.7699999999999996","0.11799999999999999","0.31900000000000001","0.56299999999999994"
"129","Madagascar","SUB-SAHARAN AFRICA","18595469","587040","31.68","0.81999999999999995","0","76.829999999999998","800","68.900000000000006","3.6000000000000001","5.0700000000000003","1.03","93.909999999999997","2","41.409999999999997","11.109999999999999","0.27600000000000002","0.16500000000000001","0.55900000000000005"
"130","Malawi","SUB-SAHARAN AFRICA","13013926","118480","109.84","0","0","103.31999999999999","600","62.700000000000003","7.8899999999999997","23.379999999999999","1.49","75.129999999999995","2","43.130000000000003","19.329999999999998","0.34200000000000003","0.158","0.499"
"131","Malaysia","ASIA (EX. NEAR EAST)","24385858","329750","73.950000000000003","1.4199999999999999","0","17.699999999999999","9000","88.700000000000003","179.03999999999999","5.4800000000000004","17.609999999999999","76.909999999999997","2","22.859999999999999","5.0499999999999998","0.084000000000000005","0.47999999999999998","0.436"
"132","Maldives","ASIA (EX. NEAR EAST)","359008","300","1196.6900000000001","214.66999999999999","0","56.520000000000003","3900","97.200000000000003","89.969999999999999","13.33","16.670000000000002","70","2","34.810000000000002","7.0599999999999996","0.20000000000000001","0.17999999999999999","0.62"
"133","Mali","SUB-SAHARAN AFRICA","11716829","1240000","9.4499999999999993","0","-0.33000000000000002","116.79000000000001","900","46.399999999999999","6.4000000000000004","3.8199999999999998","0.029999999999999999","96.150000000000006","2","49.82","16.890000000000001","0.45000000000000001","0.17000000000000001","0.38"
"134","Malta","WESTERN EUROPE","400214","316","1266.5","62.280000000000001","2.0699999999999998","3.8900000000000001","17700","92.799999999999997","504.98000000000002","28.129999999999999","3.1299999999999999","68.739999999999995",NA,"10.220000000000001","8.0999999999999996","0.029999999999999999","0.23000000000000001","0.73999999999999999"
"135","Marshall Islands","OCEANIA","60422","11854","5.0999999999999996","3.1200000000000001","-6.04","29.449999999999999","1600","93.700000000000003","91.189999999999998","16.670000000000002","38.890000000000001","44.439999999999998","2","33.049999999999997","4.7800000000000002","0.317","0.14899999999999999","0.53400000000000003"
"136","Martinique","LATIN AMER. & CARIB","436131","1100","396.48000000000002","31.82","-0.050000000000000003","7.0899999999999999","14400","97.700000000000003","394.38","10.380000000000001","9.4299999999999997","80.189999999999998","2","13.74","6.4800000000000004","0.059999999999999998","0.11","0.82999999999999996"
"137","Mauritania","SUB-SAHARAN AFRICA","3177388","1030700","3.0800000000000001","0.070000000000000007","0","70.890000000000001","1800","41.700000000000003","12.9","0.47999999999999998","0.01","99.510000000000005","1","40.990000000000002","12.16","0.25","0.28999999999999998","0.46000000000000002"
"138","Mauritius","SUB-SAHARAN AFRICA","1240827","2040","608.25","8.6799999999999997","-0.90000000000000002","15.029999999999999","11400","85.599999999999994","289.31999999999999","49.259999999999998","2.96","47.780000000000001","2","15.43","6.8600000000000003","0.058999999999999997","0.29799999999999999","0.64300000000000002"
"139","Mayotte","SUB-SAHARAN AFRICA","201234","374","538.05999999999995","49.520000000000003","6.7800000000000002","62.399999999999999","2600",NA,"49.689999999999998",NA,NA,NA,"2","40.950000000000003","7.7000000000000002",NA,NA,NA
"140","Mexico","LATIN AMER. & CARIB","107449525","1972550","54.469999999999999","0.46999999999999997","-4.8700000000000001","20.91","9000","92.200000000000003","181.59","12.99","1.3100000000000001","85.700000000000003","1.5","20.690000000000001","4.7400000000000002","0.037999999999999999","0.25900000000000001","0.70199999999999996"
"141","Micronesia, Fed. St.","OCEANIA","108004","702","153.84999999999999","870.65999999999997","-20.989999999999998","30.210000000000001","2000","89","114.81","5.71","45.710000000000001","48.579999999999998","2","24.68","4.75","0.28899999999999998","0.152","0.55900000000000005"
"142","Moldova","C.W. OF IND. STATES","4466706","33843","131.97999999999999","0","-0.26000000000000001","40.420000000000002","1800","99.099999999999994","208.06999999999999","55.299999999999997","10.789999999999999","33.909999999999997",NA,"15.699999999999999","12.640000000000001","0.21299999999999999","0.23300000000000001","0.55500000000000005"
"143","Monaco","WESTERN EUROPE","32543","2","16271.5","205","7.75","5.4299999999999997","27000","99","1035.55","0","0","100",NA,"9.1899999999999995","12.91","0.17000000000000001",NA,NA
"144","Mongolia","ASIA (EX. NEAR EAST)","2832224","1564116","1.8100000000000001","0","0","53.789999999999999","1800","97.799999999999997","55.079999999999998","0.77000000000000002","0","99.230000000000004","1","21.59","6.9500000000000002","0.20599999999999999","0.214","0.57999999999999996"
"145","Montserrat","LATIN AMER. & CARIB","9439","102","92.540000000000006","39.219999999999999","0","7.3499999999999996","3400","97",NA,"20","0","80","2","17.59","7.0999999999999996",NA,NA,NA
"146","Morocco","NORTHERN AFRICA","33241259","446550","74.439999999999998","0.40999999999999998","-0.97999999999999998","41.619999999999997","4000","51.700000000000003","40.350000000000001","19.609999999999999","2.1699999999999999","78.219999999999999",NA,"21.98","5.5800000000000001","0.217","0.35699999999999998","0.42599999999999999"
"147","Mozambique","SUB-SAHARAN AFRICA","19686505","801590","24.559999999999999","0.31","0","130.78999999999999","1200","47.799999999999997","3.54","5.0999999999999996","0.29999999999999999","94.599999999999994","2","35.18","21.350000000000001","0.26200000000000001","0.34799999999999998","0.39000000000000001"
"148","Namibia","SUB-SAHARAN AFRICA","2044147","825418","2.48","0.19","0","48.979999999999997","7200","84","62.57","0.98999999999999999","0","99.010000000000005","1","24.32","18.859999999999999","0.097000000000000003","0.315","0.58799999999999997"
"149","Nauru","OCEANIA","13287","21","632.71000000000004","142.86000000000001","0","9.9499999999999993","5000",NA,"143","0","0","100","2","24.760000000000002","6.7000000000000002",NA,NA,NA
"150","Nepal","ASIA (EX. NEAR EAST)","28287147","147181","192.19","0","0","66.980000000000004","1400","45.200000000000003","15.859999999999999","21.68","0.64000000000000001","77.680000000000007",NA,"30.98","9.3100000000000005","0.38","0.20999999999999999","0.40999999999999998"
"151","Netherlands","WESTERN EUROPE","16491461","41526","397.13999999999999","1.0900000000000001","2.9100000000000001","5.04","28600","99","460.83999999999997","26.710000000000001","0.96999999999999997","72.319999999999993","3","10.9","8.6799999999999997","0.021000000000000001","0.24399999999999999","0.73599999999999999"
"152","Netherlands Antilles","LATIN AMER. & CARIB","221736","960","230.97999999999999","37.920000000000002","-0.40999999999999998","10.029999999999999","11400","96.700000000000003","365.30000000000001","10","0","90","2","14.779999999999999","6.4500000000000002","0.01","0.14999999999999999","0.83999999999999997"
"153","New Caledonia","OCEANIA","219246","19060","11.5","11.83","0","7.7199999999999998","15000","91","252.22999999999999","0.38","0.33000000000000002","99.290000000000006","2","18.109999999999999","5.6900000000000004","0.14999999999999999","0.087999999999999995","0.76200000000000001"
"154","New Zealand","OCEANIA","4076140","268680","15.17","5.6299999999999999","4.0499999999999998","5.8499999999999996","21600","99","441.72000000000003","5.5999999999999996","6.9900000000000002","87.409999999999997","3","13.76","7.5300000000000002","0.042999999999999997","0.27300000000000002","0.68400000000000005"
"155","Nicaragua","LATIN AMER. & CARIB","5570129","129494","43.009999999999998","0.69999999999999996","-1.22","29.109999999999999","2300","67.5","39.659999999999997","15.94","1.9399999999999999","82.120000000000005","2","24.510000000000002","4.4500000000000002","0.16500000000000001","0.27500000000000002","0.56000000000000005"
"156","Niger","SUB-SAHARAN AFRICA","12525094","1267000","9.8900000000000006","0","-0.67000000000000004","121.69","800","17.600000000000001","1.9199999999999999","3.54","0.01","96.450000000000003","1","50.729999999999997","20.91","0.39000000000000001","0.17000000000000001","0.44"
"157","Nigeria","SUB-SAHARAN AFRICA","131859731","923768","142.74000000000001","0.089999999999999997","0.26000000000000001","98.799999999999997","900","68","9.2799999999999994","31.289999999999999","2.96","65.75","1.5","40.43","16.940000000000001","0.26900000000000002","0.48699999999999999","0.24399999999999999"
"158","N. Mariana Islands","OCEANIA","82459","477","172.87","310.69","9.6099999999999994","7.1100000000000003","12500","97","254.66999999999999","13.039999999999999","4.3499999999999996","82.609999999999999","2","19.43","2.29",NA,NA,NA
"159","Norway","WESTERN EUROPE","4610820","323802","14.24","7.7699999999999996","1.74","3.7000000000000002","37800","100","461.74000000000001","2.8700000000000001","0","97.129999999999995","3","11.460000000000001","9.4000000000000004","0.021000000000000001","0.41499999999999998","0.56399999999999995"
"160","Oman","NEAR EAST","3102229","212460","14.6","0.97999999999999998","0.28000000000000003","19.510000000000002","13100","75.799999999999997","85.489999999999995","0","0.14000000000000001","99.739999999999995","1","36.240000000000002","3.8100000000000001","0.027","0.39000000000000001","0.58299999999999996"
"161","Pakistan","ASIA (EX. NEAR EAST)","165803560","803940","206.24000000000001","0.13","-2.77","72.439999999999998","2100","45.700000000000003","31.829999999999998","27.870000000000001","0.87","71.260000000000005","1","29.739999999999998","8.2300000000000004","0.216","0.251","0.53300000000000003"
"162","Palau","OCEANIA","20579","458","44.93","331.66000000000003","2.8500000000000001","14.84","9000","92","325.56999999999999","8.6999999999999993","4.3499999999999996","86.950000000000003","2","18.030000000000001","6.7999999999999998","0.062","0.12","0.81799999999999995"
"163","Panama","LATIN AMER. & CARIB","3191319","78200","40.810000000000002","3.1800000000000002","-0.91000000000000003","20.469999999999999","6300","92.599999999999994","137.91","7.3600000000000003","1.98","90.659999999999997","2","21.739999999999998","5.3600000000000003","0.068000000000000005","0.156","0.77600000000000002"
"164","Papua New Guinea","OCEANIA","5670544","462840","12.25","1.1100000000000001","0","51.450000000000003","2200","64.599999999999994","10.93","0.46000000000000002","1.4399999999999999","98.099999999999994","2","29.359999999999999","7.25","0.35299999999999998","0.38100000000000001","0.26600000000000001"
"165","Paraguay","LATIN AMER. & CARIB","6506464","406750","16","0","-0.080000000000000002","25.629999999999999","4700","94","49.229999999999997","7.5999999999999996","0.23000000000000001","92.170000000000002","2","29.100000000000001","4.4900000000000002","0.224","0.20699999999999999","0.56899999999999995"
"166","Peru","LATIN AMER. & CARIB","28302603","1285220","22.02","0.19","-1.05","31.940000000000001","5100","90.900000000000006","79.519999999999996","2.8900000000000001","0.40000000000000002","96.709999999999994","1.5","20.48","6.2300000000000004","0.080000000000000002","0.27000000000000002","0.65000000000000002"
"167","Philippines","ASIA (EX. NEAR EAST)","89468677","300000","298.23000000000002","12.1","-1.5","23.510000000000002","4600","92.599999999999994","38.420000000000002","18.949999999999999","16.77","64.280000000000001","2","24.890000000000001","5.4100000000000001","0.14399999999999999","0.32600000000000001","0.53000000000000003"
"168","Poland","EASTERN EUROPE","38536869","312685","123.25","0.16","-0.48999999999999999","8.5099999999999998","11100","99.799999999999997","306.27999999999997","45.909999999999997","1.1200000000000001","52.969999999999999","3","9.8499999999999996","9.8900000000000006","0.050000000000000003","0.311","0.64000000000000001"
"169","Portugal","WESTERN EUROPE","10605870","92391","114.79000000000001","1.9399999999999999","3.5699999999999998","5.0499999999999998","18000","93.299999999999997","399.20999999999998","21.75","7.8099999999999996","70.439999999999998","3","10.720000000000001","10.5","0.052999999999999999","0.27400000000000002","0.67300000000000004"
"170","Puerto Rico","LATIN AMER. & CARIB","3927188","13790","284.79000000000002","3.6299999999999999","-1.46","8.2400000000000002","16800","94.099999999999994","283.13","3.9500000000000002","5.5199999999999996","90.530000000000001","2","12.77","7.6500000000000004","0.01","0.45000000000000001","0.54000000000000004"
"171","Qatar","NEAR EAST","885359","11437","77.409999999999997","4.9199999999999999","16.289999999999999","18.609999999999999","21500","82.5","232","1.6399999999999999","0.27000000000000002","98.090000000000003","1","15.56","4.7199999999999998","0.002","0.80100000000000005","0.19700000000000001"
"172","Reunion","SUB-SAHARAN AFRICA","787584","2517","312.91000000000003","8.2200000000000006","0","7.7800000000000002","5800","88.900000000000006","380.91000000000003","13.6","1.2","85.200000000000003","2","18.899999999999999","5.4900000000000002","0.080000000000000002","0.19","0.72999999999999998"
"173","Romania","EASTERN EUROPE","22303552","237500","93.909999999999997","0.089999999999999997","-0.13","26.43","7000","98.400000000000006","196.87","40.82","2.25","56.93","3","10.699999999999999","11.77","0.10100000000000001","0.34999999999999998","0.54900000000000004"
"174","Russia","C.W. OF IND. STATES","142893540","17075200","8.3699999999999992","0.22","1.02","15.390000000000001","8900","99.599999999999994","280.63","7.3300000000000001","0.11","92.560000000000002",NA,"9.9499999999999993","14.65","0.053999999999999999","0.371","0.57499999999999996"
"175","Rwanda","SUB-SAHARAN AFRICA","8648248","26338","328.36000000000001","0","0","91.230000000000004","1300","70.400000000000006","2.6600000000000001","40.539999999999999","12.16","47.299999999999997","3","40.369999999999997","16.09","0.40100000000000002","0.22900000000000001","0.37"
"176","Saint Helena","SUB-SAHARAN AFRICA","7502","413","18.16","14.529999999999999","0","19","2500","97","293.25999999999999","12.9","0","87.099999999999994",NA,"12.130000000000001","6.5300000000000002",NA,NA,NA
"177","Saint Kitts & Nevis","LATIN AMER. & CARIB","39129","261","149.91999999999999","51.719999999999999","-7.1100000000000003","14.49","8800","97","638.90999999999997","19.440000000000001","2.7799999999999998","77.780000000000001","2","18.02","8.3300000000000001","0.035000000000000003","0.25800000000000001","0.70699999999999996"
"178","Saint Lucia","LATIN AMER. & CARIB","168458","616","273.47000000000003","25.649999999999999","-2.6699999999999999","13.529999999999999","5400","67","303.33999999999997","6.5599999999999996","22.949999999999999","70.489999999999995","2","19.68","5.0800000000000001","0.070000000000000007","0.20000000000000001","0.72999999999999998"
"179","St Pierre & Miquelon","NORTHERN AMERICA","7026","242","29.030000000000001","49.590000000000003","-4.8600000000000003","7.54","6900","99","683.17999999999995","13.039999999999999","0","86.959999999999994",NA,"13.52","6.8300000000000001",NA,NA,NA
"180","Saint Vincent and the Grenadines","LATIN AMER. & CARIB","117848","389","302.94999999999999","21.59","-7.6399999999999997","14.779999999999999","2900","96","190.91999999999999","17.949999999999999","17.949999999999999","64.099999999999994","2","16.18","5.9800000000000004","0.10000000000000001","0.26000000000000001","0.64000000000000001"
"181","Samoa","OCEANIA","176908","2944","60.090000000000003","13.69","-11.699999999999999","27.710000000000001","5600","99.700000000000003","75.180000000000007","21.199999999999999","24.379999999999999","54.420000000000002","2","16.43","6.6200000000000001","0.114","0.58399999999999996","0.30199999999999999"
"182","San Marino","WESTERN EUROPE","29251","61","479.51999999999998","0","10.98","5.7300000000000004","34600","96","704.25","16.670000000000002","0","83.329999999999998",NA,"10.02","8.1699999999999999",NA,NA,NA
"183","Sao Tome & Principe","SUB-SAHARAN AFRICA","193413","1001","193.22","20.879999999999999","-2.7200000000000002","43.109999999999999","1200","79.299999999999997","36.189999999999998","6.25","48.960000000000001","44.789999999999999","2","40.25","6.4699999999999998","0.16700000000000001","0.14799999999999999","0.68400000000000005"
"184","Saudi Arabia","NEAR EAST","27019731","1960582","13.779999999999999","0.13","-2.71","13.24","11800","78.799999999999997","140.63999999999999","1.6699999999999999","0.089999999999999997","98.239999999999995","1","29.34","2.5800000000000001","0.033000000000000002","0.61299999999999999","0.35399999999999998"
"185","Senegal","SUB-SAHARAN AFRICA","11987121","196190","61.100000000000001","0.27000000000000002","0.20000000000000001","55.509999999999998","1600","40.200000000000003","22.239999999999998","12.779999999999999","0.20999999999999999","87.010000000000005","2","32.780000000000001","9.4199999999999999","0.17199999999999999","0.20899999999999999","0.61899999999999999"
"186","Serbia","EASTERN EUROPE","9396411","88361","106.34","0","-1.3300000000000001","12.890000000000001","2200","93","285.79000000000002","33.350000000000001","3.2000000000000002","63.450000000000003",NA,NA,NA,"0.16600000000000001","0.255","0.57899999999999996"
"187","Seychelles","SUB-SAHARAN AFRICA","81541","455","179.21000000000001","107.91","-5.6900000000000004","15.529999999999999","7800","58","262.44","2.2200000000000002","13.33","84.450000000000003","2","16.030000000000001","6.29","0.032000000000000001","0.30399999999999999","0.66500000000000004"
"188","Sierra Leone","SUB-SAHARAN AFRICA","6005250","71740","83.709999999999994","0.56000000000000005","0","143.63999999999999","500","31.399999999999999","4","6.9800000000000004","0.89000000000000001","92.129999999999995","2","45.759999999999998","23.030000000000001","0.48999999999999999","0.31","0.20999999999999999"
"189","Singapore","ASIA (EX. NEAR EAST)","4492150","693","6482.1800000000003","27.850000000000001","11.529999999999999","2.29","23700","92.5","411.38","1.6399999999999999","0","98.359999999999999","2","9.3399999999999999","4.2800000000000002","0","0.33900000000000002","0.66100000000000003"
"190","Slovakia","EASTERN EUROPE","5439448","48845","111.36","0","0.29999999999999999","7.4100000000000001","13300",NA,"220.06","30.16","2.6200000000000001","67.219999999999999","3","10.65","9.4499999999999993","0.035000000000000003","0.29399999999999998","0.67200000000000004"
"191","Slovenia","EASTERN EUROPE","2010347","20273","99.159999999999997","0.23000000000000001","1.1200000000000001","4.4500000000000002","19000","99.700000000000003","406.10000000000002","8.5999999999999996","1.49","89.909999999999997",NA,"8.9800000000000004","10.31","0.028000000000000001","0.36899999999999999","0.60299999999999998"
"192","Solomon Islands","OCEANIA","552438","28450","19.420000000000002","18.670000000000002","0","21.289999999999999","1700",NA,"13.4","0.64000000000000001","2","97.359999999999999","2","30.010000000000002","3.9199999999999999","0.41999999999999998","0.11","0.46999999999999997"
"193","Somalia","SUB-SAHARAN AFRICA","8863338","637657","13.9","0.46999999999999997","5.3700000000000001","116.7","500","37.799999999999997","11.279999999999999","1.6699999999999999","0.040000000000000001","98.290000000000006","1","45.130000000000003","16.629999999999999","0.65000000000000002","0.10000000000000001","0.25"
"194","South Africa","SUB-SAHARAN AFRICA","44187637","1219912","36.219999999999999","0.23000000000000001","-0.28999999999999998","61.810000000000002","10700","86.400000000000006","107.02","12.08","0.79000000000000004","87.129999999999995","1","18.199999999999999","22","0.025000000000000001","0.30299999999999999","0.67100000000000004"
"195","Spain","WESTERN EUROPE","40397842","504782","80.030000000000001","0.97999999999999998","0.98999999999999999","4.4199999999999999","22000","97.900000000000006","453.54000000000002","26.07","9.8699999999999992","64.060000000000002","3","10.06","9.7200000000000006","0.040000000000000001","0.29499999999999998","0.66500000000000004"
"196","Sri Lanka","ASIA (EX. NEAR EAST)","20222240","65610","308.22000000000003","2.04","-1.3100000000000001","14.35","3700","92.299999999999997","61.520000000000003","13.859999999999999","15.699999999999999","70.439999999999998","2","15.51","6.5199999999999996","0.17799999999999999","0.27600000000000002","0.54500000000000004"
"197","Sudan","SUB-SAHARAN AFRICA","41236378","2505810","16.460000000000001","0.029999999999999999","-0.02","62.5","1900","61.100000000000001","16.25","6.8300000000000001","0.17999999999999999","92.989999999999995","2","34.530000000000001","8.9700000000000006","0.38700000000000001","0.20300000000000001","0.40999999999999998"
"198","Suriname","LATIN AMER. & CARIB","439117","163270","2.6899999999999999","0.23999999999999999","-8.8100000000000005","23.57","4000","93","184.69","0.37","0.059999999999999998","99.569999999999993","2","18.02","7.2699999999999996","0.13","0.22","0.65000000000000002"
"199","Swaziland","SUB-SAHARAN AFRICA","1136334","17363","65.450000000000003","0","0","69.269999999999996","4900","81.599999999999994","30.800000000000001","10.35","0.69999999999999996","88.950000000000003","2.5","27.41","29.739999999999998","0.11899999999999999","0.51500000000000001","0.36599999999999999"
"200","Sweden","WESTERN EUROPE","9016596","449964","20.039999999999999","0.71999999999999997","1.6699999999999999","2.77","26800","99","715.00999999999999","6.54","0.01","93.450000000000003","3","10.27","10.31","0.010999999999999999","0.28199999999999997","0.70699999999999996"
"201","Switzerland","WESTERN EUROPE","7523934","41290","182.22","0","4.0499999999999998","4.3899999999999997","32700","99","680.88999999999999","10.42","0.60999999999999999","88.969999999999999","3","9.7100000000000009","8.4900000000000002","0.014999999999999999","0.34000000000000002","0.64500000000000002"
"202","Syria","NEAR EAST","18881361","185180","101.95999999999999","0.10000000000000001","0","29.530000000000001","3300","76.900000000000006","153.75","25.219999999999999","4.4299999999999997","70.349999999999994","1","27.760000000000002","4.8099999999999996","0.249","0.23000000000000001","0.51900000000000002"
"203","Taiwan","ASIA (EX. NEAR EAST)","23036087","35980","640.25","4.3499999999999996","0","6.4000000000000004","23400","96.099999999999994","591.02999999999997","24","1","75","2","12.56","6.4800000000000004","0.017999999999999999","0.25900000000000001","0.72299999999999998"
"204","Tajikistan","C.W. OF IND. STATES","7320815","143100","51.159999999999997","0","-2.8599999999999999","110.76000000000001","1000","99.400000000000006","33.490000000000002","6.6100000000000003","0.92000000000000004","92.469999999999999","2","32.649999999999999","8.25","0.23400000000000001","0.28599999999999998","0.47999999999999998"
"205","Tanzania","SUB-SAHARAN AFRICA","37445392","945087","39.619999999999997","0.14999999999999999","-2.0600000000000001","98.540000000000006","600","78.200000000000003","3.96","4.5199999999999996","1.0800000000000001","94.400000000000006",NA,"37.710000000000001","16.390000000000001","0.432","0.17199999999999999","0.39600000000000002"
"206","Thailand","ASIA (EX. NEAR EAST)","64631595","514000","125.73999999999999","0.63","0","20.48","7400","92.599999999999994","108.84999999999999","29.359999999999999","6.46","64.180000000000007","2","13.869999999999999","7.04","0.099000000000000005","0.441","0.46000000000000002"
"207","Togo","SUB-SAHARAN AFRICA","5548702","56785","97.709999999999994","0.10000000000000001","0","66.609999999999999","1500","60.899999999999999","10.56","46.149999999999999","2.21","51.640000000000001","2","37.009999999999998","9.8300000000000001","0.39500000000000002","0.20399999999999999","0.40100000000000002"
"208","Tonga","OCEANIA","114689","748","153.33000000000001","56.020000000000003","0","12.619999999999999","2200","98.5","97.659999999999997","23.609999999999999","43.060000000000002","33.329999999999998","2","25.370000000000001","5.2800000000000002","0.23000000000000001","0.27000000000000002","0.5"
"209","Trinidad & Tobago","LATIN AMER. & CARIB","1065842","5128","207.84999999999999","7.0599999999999996","-10.83","24.309999999999999","9500","98.599999999999994","303.51999999999998","14.619999999999999","9.1600000000000001","76.219999999999999","2","12.9","10.57","0.0070000000000000001","0.56999999999999995","0.42299999999999999"
"210","Tunisia","NORTHERN AFRICA","10175014","163610","62.189999999999998","0.69999999999999996","-0.56999999999999995","24.77","6900","74.200000000000003","123.59","17.859999999999999","13.74","68.400000000000006","3","15.52","5.1299999999999999","0.13200000000000001","0.318","0.55000000000000004"
"211","Turkey","NEAR EAST","70413958","780580","90.209999999999994","0.92000000000000004","0","41.039999999999999","6700","86.5","269.51999999999998","30.93","3.3100000000000001","65.760000000000005","3","16.620000000000001","5.9699999999999998","0.11700000000000001","0.29799999999999999","0.58499999999999996"
"212","Turkmenistan","C.W. OF IND. STATES","5042920","488100","10.33","0","-0.85999999999999999","73.079999999999998","5800","98","74.579999999999998","3.7200000000000002","0.14000000000000001","96.140000000000001","1","27.609999999999999","8.5999999999999996","0.20899999999999999","0.38","0.41099999999999998"
"213","Turks & Caicos Is","LATIN AMER. & CARIB","21152","430","49.189999999999998","90.469999999999999","11.68","15.67","9600","98","269.48000000000002","2.3300000000000001","0","97.670000000000002","2","21.84","4.21",NA,NA,NA
"214","Tuvalu","OCEANIA","11810","26","454.23000000000002","92.310000000000002","0","20.030000000000001","1100",NA,"59.270000000000003","0","0","100","2","22.18","7.1100000000000003","0.16600000000000001","0.27200000000000002","0.56200000000000006"
"215","Uganda","SUB-SAHARAN AFRICA","28195754","236040","119.45","0","0","67.829999999999998","1400","69.900000000000006","3.5800000000000001","25.879999999999999","10.65","63.469999999999999","2","47.350000000000001","12.24","0.311","0.222","0.46899999999999997"
"216","Ukraine","C.W. OF IND. STATES","46710816","603700","77.370000000000005","0.46000000000000002","-0.39000000000000001","20.34","5400","99.700000000000003","259.94","56.210000000000001","1.6100000000000001","42.18","3","8.8200000000000003","14.390000000000001","0.187","0.45200000000000001","0.36099999999999999"
"217","United Arab Emirates","NEAR EAST","2602713","82880","31.399999999999999","1.5900000000000001","1.03","14.51","23200","77.900000000000006","475.26999999999998","0.59999999999999998","2.25","97.150000000000006","1","18.960000000000001","4.4000000000000004","0.040000000000000001","0.58499999999999996","0.375"
"218","United Kingdom","WESTERN EUROPE","60609153","244820","247.56999999999999","5.0800000000000001","2.1899999999999999","5.1600000000000001","27700","99","543.52999999999997","23.460000000000001","0.20999999999999999","76.329999999999998","3","10.710000000000001","10.130000000000001","0.0050000000000000001","0.23699999999999999","0.75800000000000001"
"219","United States","NORTHERN AMERICA","298444215","9631420","30.989999999999998","0.20999999999999999","3.4100000000000001","6.5","37800","97","897.99000000000001","19.129999999999999","0.22","80.650000000000006","3","14.140000000000001","8.2599999999999998","0.01","0.20399999999999999","0.78700000000000003"
"220","Uruguay","LATIN AMER. & CARIB","3431932","176220","19.48","0.37","-0.32000000000000001","11.949999999999999","12800","98","291.38","7.4299999999999997","0.23000000000000001","92.340000000000003","3","13.91","9.0500000000000007","0.092999999999999999","0.311","0.59599999999999997"
"221","Uzbekistan","C.W. OF IND. STATES","27307134","447400","61.039999999999999","0","-1.72","71.099999999999994","1700","99.299999999999997","62.880000000000003","10.83","0.82999999999999996","88.340000000000003","1","26.359999999999999","7.8399999999999999","0.34200000000000003","0.22900000000000001","0.42999999999999999"
"222","Vanuatu","OCEANIA","208869","12200","17.120000000000001","20.719999999999999","0","55.159999999999997","2900","53","32.560000000000002","2.46","7.3799999999999999","90.159999999999997","2","22.719999999999999","7.8200000000000003","0.26000000000000001","0.12","0.62"
"223","Venezuela","LATIN AMER. & CARIB","25730435","912050","28.210000000000001","0.31","-0.040000000000000001","22.199999999999999","4800","93.400000000000006","140.13","2.9500000000000002","0.92000000000000004","96.129999999999995","2","18.710000000000001","4.9199999999999999","0.040000000000000001","0.41899999999999998","0.54100000000000004"
"224","Vietnam","ASIA (EX. NEAR EAST)","84402966","329560","256.11000000000001","1.05","-0.45000000000000001","25.949999999999999","2500","90.299999999999997","187.72999999999999","19.969999999999999","5.9500000000000002","74.079999999999998","2","16.859999999999999","6.2199999999999998","0.20899999999999999","0.40999999999999998","0.38100000000000001"
"225","Virgin Islands","LATIN AMER. & CARIB","108605","1910","56.859999999999999","9.8399999999999999","-8.9399999999999995","8.0299999999999994","17200",NA,"652.82000000000005","11.76","2.9399999999999999","85.299999999999997","2","13.960000000000001","6.4299999999999997","0.01","0.19","0.80000000000000004"
"226","Wallis and Futuna","OCEANIA","16025","274","58.490000000000002","47.079999999999998",NA,NA,"3700","50","118.56","5","25","70","2",NA,NA,NA,NA,NA
"227","West Bank","NEAR EAST","2460492","5860","419.88","0","2.98","19.620000000000001","800",NA,"145.21000000000001","16.899999999999999","18.969999999999999","64.129999999999995","3","31.670000000000002","3.9199999999999999","0.089999999999999997","0.28000000000000003","0.63"
"228","Western Sahara","NORTHERN AFRICA","273008","266000","1.03","0.41999999999999998",NA,NA,NA,NA,NA,"0.02","0","99.980000000000004","1",NA,NA,NA,NA,"0.40000000000000002"
"229","Yemen","NEAR EAST","21456188","527970","40.640000000000001","0.35999999999999999","0","61.5","800","50.200000000000003","37.200000000000003","2.7799999999999998","0.23999999999999999","96.980000000000004","1","42.890000000000001","8.3000000000000007","0.13500000000000001","0.47199999999999998","0.39300000000000002"
"230","Zambia","SUB-SAHARAN AFRICA","11502010","752614","15.279999999999999","0","0","88.290000000000006","800","80.599999999999994","8.2300000000000004","7.0800000000000001","0.029999999999999999","92.900000000000006","2","41","19.93","0.22","0.28999999999999998","0.48899999999999999"
"231","Zimbabwe","SUB-SAHARAN AFRICA","12236805","390580","31.329999999999998","0","0","67.689999999999998","1900","90.700000000000003","26.800000000000001","8.3200000000000003","0.34000000000000002","91.340000000000003","2","28.010000000000002","21.84","0.17899999999999999","0.24299999999999999","0.57899999999999996"
